{"episode_reward": 3.0, "global_step": 2016, "_step": 10, "_runtime": 24, "_timestamp": 1609139723, "graph_0": {"_type": "graph-file", "path": "media/graph/graph_0_summary_82b761ec.graph.json", "sha256": "82b761ec7d31801615cee331fb851bbef9a1d55df67ab1c2874ac0878d9d0793", "size": 2329}, "value_loss": 0.024466073140501976, "policy_loss": -0.006933723576366901, "approx_kl": 0.0009901863522827625, "approx_entropy": 1.3854470252990723, "learning_rate": 0.0002499634642857143}