{"episode_reward": 4.0, "global_step": 31704, "_step": 206, "_runtime": 494, "_timestamp": 1608831261, "graph_0": {"_type": "graph-file", "path": "media/graph/graph_0_summary_3fd797c5.graph.json", "sha256": "3fd797c50351c4c475477ddbaad92e73961069a5421721e4fdc6d6435301f676", "size": 2307}, "value_loss": 0.3156765401363373, "policy_loss": -0.03149041533470154, "approx_kl": 0.005013411398977041, "approx_entropy": 1.3117564916610718, "learning_rate": 0.0002390289285714286, "gradients/actor.bias": {"_type": "histogram", "values": [1.0, 0.0, 0.0, 0.0, 0.0, 0.0, 0.0, 0.0, 0.0, 0.0, 0.0, 0.0, 0.0, 0.0, 0.0, 0.0, 0.0, 0.0, 0.0, 0.0, 0.0, 0.0, 0.0, 0.0, 0.0, 0.0, 0.0, 0.0, 0.0, 0.0, 0.0, 0.0, 0.0, 0.0, 0.0, 0.0, 0.0, 0.0, 0.0, 0.0, 0.0, 0.0, 0.0, 0.0, 0.0, 0.0, 0.0, 0.0, 0.0, 0.0, 0.0, 0.0, 0.0, 0.0, 0.0, 0.0, 1.0, 0.0, 0.0, 1.0, 0.0, 0.0, 0.0, 1.0], "bins": [-0.03971052169799805, -0.03882501646876335, -0.03793950751423836, -0.03705400228500366, -0.03616849333047867, -0.03528298810124397, -0.03439747914671898, -0.03351197391748428, -0.03262646496295929, -0.031740959733724594, -0.0308554507791996, -0.029969943687319756, -0.02908443659543991, -0.028198931366205215, -0.02731342427432537, -0.026427917182445526, -0.02554241195321083, -0.024656904861330986, -0.02377139776945114, -0.022885890677571297, -0.022000383585691452, -0.021114878356456757, -0.020229371264576912, -0.019343864172697067, -0.018458357080817223, -0.017572849988937378, -0.016687342897057533, -0.01580183580517769, -0.014916329644620419, -0.014030822552740574, -0.013145316392183304, -0.01225980930030346, -0.011374302208423615, -0.01048879511654377, -0.009603288024663925, -0.008717781864106655, -0.00783227477222681, -0.006946767680346966, -0.006061261054128408, -0.005175754427909851, -0.004290247336030006, -0.0034047404769808054, -0.0025192336179316044, -0.0016337267588824034, -0.0007482198998332024, 0.0001372871920466423, 0.0010227938182651997, 0.001908300444483757, 0.0027938075363636017, 0.0036793143954128027, 0.004564821254462004, 0.005450327880680561, 0.006335834972560406, 0.00722134206444025, 0.00810684822499752, 0.008992355316877365, 0.00987786240875721, 0.010763369500637054, 0.011648876592516899, 0.01253438275307417, 0.013419889844954014, 0.014305396936833858, 0.015190903097391129, 0.016076410189270973, 0.016961917281150818]}, "gradients/actor.weight": {"_type": "histogram", "values": [2.0, 0.0, 0.0, 2.0, 1.0, 0.0, 0.0, 0.0, 0.0, 1.0, 2.0, 3.0, 0.0, 3.0, 1.0, 0.0, 1.0, 1.0, 2.0, 0.0, 7.0, 3.0, 2.0, 4.0, 9.0, 6.0, 4.0, 7.0, 1.0, 2.0, 1.0, 1.0, 2.0, 8.0, 5.0, 9.0, 14.0, 16.0, 1734.0, 27.0, 11.0, 12.0, 13.0, 12.0, 15.0, 19.0, 9.0, 16.0, 14.0, 12.0, 8.0, 11.0, 2.0, 2.0, 3.0, 1.0, 2.0, 1.0, 2.0, 0.0, 0.0, 1.0, 0.0, 1.0], "bins": [-0.04393715411424637, -0.04280434548854828, -0.04167153313755989, -0.0405387245118618, -0.03940591588616371, -0.038273103535175323, -0.037140294909477234, -0.036007486283779144, -0.034874677658081055, -0.033741869032382965, -0.03260905668139458, -0.03147624805569649, -0.030343439429998398, -0.02921062894165516, -0.02807781845331192, -0.02694500982761383, -0.025812197476625443, -0.024679386988282204, -0.023546578362584114, -0.022413767874240875, -0.021280959248542786, -0.020148148760199547, -0.019015338271856308, -0.01788252964615822, -0.01674971915781498, -0.015616909600794315, -0.014484100043773651, -0.013351289555430412, -0.012218479998409748, -0.011085670441389084, -0.009952859953045845, -0.00882005039602518, -0.007687237113714218, -0.006554427556693554, -0.005421617534011602, -0.004288807511329651, -0.0031559979543089867, -0.0020231883972883224, -0.0008903783746063709, 0.0002424316480755806, 0.0013752412050962448, 0.0025080509949475527, 0.0036408607847988605, 0.004773670807480812, 0.005906480364501476, 0.0070392899215221405, 0.00817210040986538, 0.009304909966886044, 0.010437719523906708, 0.011570529080927372, 0.012703338637948036, 0.013836149126291275, 0.01496895868331194, 0.016101768240332603, 0.017234578728675842, 0.018367387354373932, 0.01950019784271717, 0.02063300833106041, 0.0217658169567585, 0.022898627445101738, 0.024031437933444977, 0.025164246559143066, 0.026297057047486305, 0.027429867535829544, 0.028562676161527634]}, "gradients/network.8.bias": {"_type": "histogram", "values": [3.0, 4.0, 4.0, 2.0, 1.0, 2.0, 2.0, 1.0, 1.0, 1.0, 0.0, 1.0, 2.0, 0.0, 2.0, 0.0, 3.0, 2.0, 1.0, 1.0, 2.0, 4.0, 1.0, 0.0, 3.0, 1.0, 2.0, 1.0, 2.0, 1.0, 2.0, 1.0, 1.0, 2.0, 4.0, 3.0, 3.0, 423.0, 6.0, 2.0, 0.0, 2.0, 1.0, 2.0, 0.0, 1.0, 1.0, 0.0, 0.0, 0.0, 1.0, 0.0, 1.0, 0.0, 1.0, 3.0, 0.0, 0.0, 1.0, 0.0, 0.0, 0.0, 0.0, 1.0], "bins": [-0.0010504587553441525, -0.0010224987054243684, -0.0009945386555045843, -0.0009665786637924612, -0.0009386186138726771, -0.0009106586221605539, -0.0008826985722407699, -0.0008547385223209858, -0.0008267784724012017, -0.0007988184224814177, -0.0007708584307692945, -0.0007428983808495104, -0.0007149383309297264, -0.0006869783392176032, -0.0006590182892978191, -0.0006310582393780351, -0.000603098189458251, -0.0005751381395384669, -0.0005471781478263438, -0.0005192180979065597, -0.0004912580479867756, -0.000463298027170822, -0.0004353380063548684, -0.00040737795643508434, -0.0003794179647229612, -0.0003514579439070076, -0.0003234978939872235, -0.0002955378731712699, -0.0002675778232514858, -0.0002396178024355322, -0.00021165776706766337, -0.00018369773169979453, -0.00015573768178001046, -0.00012777764641214162, -9.981761104427278e-05, -7.185758295236155e-05, -4.389754758449271e-05, -1.5937519492581487e-05, 1.2022515875287354e-05, 3.9982551243156195e-05, 6.794260116294026e-05, 9.59026365308091e-05, 0.00012386267189867795, 0.00015182269271463156, 0.00017978274263441563, 0.00020774276345036924, 0.00023570279881823808, 0.0002636628341861069, 0.00029162285500206053, 0.00031958287581801414, 0.0003475429257377982, 0.0003755029465537518, 0.0004034629964735359, 0.0004314230172894895, 0.0004593830672092736, 0.0004873430880252272, 0.0005153031088411808, 0.0005432631587609649, 0.000571223150473088, 0.0005991832003928721, 0.0006271432503126562, 0.0006551032420247793, 0.0006830632919445634, 0.0007110233418643475, 0.0007389833917841315]}, "gradients/network.8.weight": {"_type": "histogram", "values": [1.0, 0.0, 0.0, 0.0, 0.0, 0.0, 1.0, 1.0, 0.0, 0.0, 1.0, 3.0, 2.0, 9.0, 6.0, 22.0, 19.0, 39.0, 70.0, 88.0, 111.0, 142.0, 189.0, 222.0, 250.0, 369.0, 553.0, 793.0, 1159.0, 1739.0, 2295.0, 3198.0, 4263.0, 5796.0, 8238.0, 11336.0, 15746.0, 22384.0, 40398.0, 1458515.0, 13546.0, 6219.0, 3460.0, 1851.0, 1053.0, 533.0, 325.0, 226.0, 139.0, 104.0, 73.0, 48.0, 33.0, 20.0, 18.0, 5.0, 7.0, 5.0, 2.0, 2.0, 3.0, 0.0, 1.0, 1.0],