{"graph_0": {"_type": "graph-file", "path": "media/graph/graph_0_summary_04746d69.graph.json", "sha256": "04746d6901632f8cd8f658e8e3a09da5feb4c3a280507d9e22ff7d82bf15ddba", "size": 2063}, "episode_reward": 24.0, "value_loss": 0.2379462867975235, "policy_loss": 0.103272944688797, "approx_kl": 0.0016453118296340108, "approx_entropy": 1.2441222667694092, "global_step": 240000, "_step": 119, "_runtime": 1618, "_timestamp": 1607676861}