{"graph_0": {"_type": "graph-file", "path": "media/graph/graph_0_summary_04746d69.graph.json", "sha256": "04746d6901632f8cd8f658e8e3a09da5feb4c3a280507d9e22ff7d82bf15ddba", "size": 2063}, "episode_reward": 23.0, "value_loss": 0.5385622382164001, "policy_loss": 0.0825546532869339, "approx_kl": 0.002204438205808401, "approx_entropy": 1.2266778945922852, "global_step": 270000, "_step": 134, "_runtime": 1843, "_timestamp": 1607677086}