{"initial_reset_timestamp": 1610297523.005406, "timestamps": [1610297535.942423, 1610297536.7461371, 1610297537.1002219, 1610297537.461545], "episode_lengths": [23, 51, 23, 23], "episode_rewards": [0.0, 1.0, 0.0, 0.0], "episode_types": ["t", "t", "t", "t", "t"]}